{
    "m_trails": [
        {
            "m_points": [
                [
                    4239.147461,
                    339.080841,
                    10853.420898
                ]
            ],
            "m_minRadius": 200.0,
            "m_maxRadius": 200.0
        }
    ],
    "m_expandStep": 10.0,
    "m_healthRegen": 1.0,
    "m_healthOutOfZoneDmg": 0.10000000149011612,
    "m_healthRegenTimeoutOnHit": 10.0,
    "m_startMoney": 100,
    "m_moneyPerKill": 10,
    "m_expIncPerKill": 0.20000000298023225,
    "m_expDecPerDeath": 0.10000000149011612,
    "m_areaMoveSpeed": 0.0000000298023225,
    "m_databaseSaveTime": 600,
    "m_databaseWipePlayerTimeout": 1209600,
    "m_leaderBoardTopSize": 20,
    "m_lockWorldTime": 1,
    "m_deadBodyDespawnTime": 5.0,
    "m_clearDroppedItemsOnGround": 1
}