{
    "m_trails": [
        {
            "m_points": [
                [
                    5281.8798828125,
                    0.0,
                    9798.75
                ],
                [
                    5048.43994140625,
                    0.0,
                    9757.5
                ],
                [
                    4755.0,
                    0.0,
                    10384.6904296875
                ],
                [
                    4504.68994140625,
                    0.0,
                    10818.75
                ],
                [
                    4153.1298828125,
                    0.0,
                    11025.0
                ],
                [
                    4020.93994140625,
                    0.0,
                    11762.8095703125
                ],
                [
                    4153.1298828125,
                    0.0,
                    11025.0
                ],
                [
                    4504.68994140625,
                    0.0,
                    10818.75
                ],
                [
                    4755.0,
                    0.0,
                    10384.6904296875
                ],
                [
                    5048.43994140625,
                    0.0,
                    9757.5
                ]
            ],
            "m_minRadius": 120.0,
            "m_maxRadius": 1500.0
        }
    ],
    "m_expandStep": 10.0,
    "m_healthRegen": 1.0,
    "m_healthOutOfZoneDmg": 0.10000000149011612,
    "m_healthRegenTimeoutOnHit": 10.0,
    "m_startMoney": 100,
    "m_moneyPerKill": 10,
    "m_expIncPerKill": 0.20000000298023225,
    "m_expDecPerDeath": 0.10000000149011612,
    "m_areaMoveSpeed": 0.20000000298023225,
    "m_databaseSaveTime": 600,
    "m_databaseWipePlayerTimeout": 1209600,
    "m_leaderBoardTopSize": 20,
    "m_lockWorldTime": 1,
    "m_deadBodyDespawnTime": 5.0,
    "m_clearDroppedItemsOnGround": 1
}